ImageId,persent,answer
00000.jpg,0.6311075687408447,1
00001.jpg,0.7271447777748108,1
00002.jpg,0.7644996643066406,1
00003.jpg,0.8587378263473511,1
00004.jpg,0.7479849457740784,1
00005.jpg,0.7694304585456848,1
00006.jpg,0.6323010325431824,1
00007.jpg,0.7523930668830872,1
00008.jpg,0.6326344013214111,1
00009.jpg,0.7006754279136658,1
00010.jpg,0.6401906609535217,1
00011.jpg,0.719718337059021,1
00012.jpg,0.7100770473480225,1
